average_strain,average_grain_strain,average_grip_strain,average_stress,average_grain_stress,average_grip_stress,average_elastic,average_grain_elastic,average_grip_elastic,g1_stress,g2_stress,g3_stress,g4_stress,g1_elastic,g2_elastic,g3_elastic,g4_elastic,g1_volume,g2_volume,g3_volume,g4_volume,g1_phi_1,g1_Phi,g1_phi_2,g2_phi_1,g2_Phi,g2_phi_2,g3_phi_1,g3_Phi,g3_phi_2,g4_phi_1,g4_Phi,g4_phi_2
0.0,0.0,0.0,0.0,0.0,0.0,0.0,0.0,0.0,0.0,0.0,0.0,0.0,0.0,0.0,0.0,0.0,0.0,0.0,0.0,0.0,6.2832,2.3562,0.78541,1.1868,0.66322,1.2566,1.9199,1.309,1.3963,4.7124,0.0,1.5708
0.0062108,0.0061337,0.006519,853.97,853.92,854.19,0.0053264,0.0056459,0.0040486,853.7,853.18,854.04,854.74,0.0054197,0.0051619,0.0057469,0.0062459,0.20238,0.19762,0.19762,0.20238,6.283,2.3566,0.78538,1.1864,0.66348,1.2568,1.92,1.3091,1.3964,1.1296,0.00013087,5.1534
0.012369,0.010507,0.019818,1218.1,1215.9,1226.9,0.0076103,0.0080863,0.0057062,1215.6,1212.7,1216.3,1219.1,0.007791,0.0073611,0.0081732,0.0090048,0.20238,0.19762,0.19762,0.20238,0.0004426,2.3575,0.78613,1.1857,0.66383,1.2574,1.9198,1.3094,1.3968,1.3416,0.0007609,4.9406
0.024339,0.015947,0.057909,1384.2,1372.8,1429.9,0.0086595,0.009202,0.0064894,1373.1,1364.5,1373.4,1379.9,0.0089082,0.0083168,0.0092108,0.010352,0.20238,0.19762,0.19762,0.20238,0.00272,2.3599,0.78829,1.1841,0.6646,1.2592,1.9193,1.3099,1.3975,1.4154,0.0024399,4.8647
0.046427,0.022088,0.14379,1437.1,1402.1,1577.1,0.00899,0.0094952,0.0069694,1404.1,1387.7,1402.8,1413.5,0.0092565,0.0084841,0.0093918,0.010822,0.20238,0.19762,0.19762,0.20238,0.0051367,2.3639,0.79032,1.1812,0.66579,1.2626,1.9186,1.3105,1.3986,1.4146,0.0042162,4.8628
0.085119,0.027972,0.31371,1354.6,1273.1,1680.7,0.0084439,0.0087395,0.0072615,1276.9,1254.2,1273.3,1287.5,0.0086047,0.0076903,0.0085101,0.010123,0.20238,0.19762,0.19762,0.20238,0.0058006,2.3694,0.79007,1.177,0.66739,1.2676,1.9176,1.3107,1.4001,1.3921,0.0046019,4.8826
