average_strain,average_grain_strain,average_grip_strain,average_stress,average_grain_stress,average_grip_stress,average_elastic,average_grain_elastic,average_grip_elastic,g1_stress,g2_stress,g3_stress,g4_stress,g1_elastic,g2_elastic,g3_elastic,g4_elastic,g1_volume,g2_volume,g3_volume,g4_volume,g1_phi_1,g1_Phi,g1_phi_2,g2_phi_1,g2_Phi,g2_phi_2,g3_phi_1,g3_Phi,g3_phi_2,g4_phi_1,g4_Phi,g4_phi_2
0.0,0.0,0.0,0.0,0.0,0.0,0.0,0.0,0.0,0.0,0.0,0.0,0.0,0.0,0.0,0.0,0.0,0.0,0.0,0.0,0.0,6.2832,2.3562,0.78541,1.1868,0.66322,1.2566,1.9199,1.309,1.3963,4.7124,0.0,1.5708
0.0062108,0.0059681,0.0071815,893.88,893.68,894.66,0.005579,0.005919,0.0042192,893.49,893.2,893.77,894.26,0.0056924,0.005395,0.0060167,0.0065618,0.20238,0.19762,0.19762,0.20238,6.2831,2.3565,0.78549,1.1865,0.66342,1.2567,1.92,1.309,1.3964,1.3667,0.00018748,4.9162
0.012345,0.00905,0.025527,1342.5,1338.3,1359.6,0.0084074,0.0089599,0.0061972,1338.0,1336.9,1338.2,1339.8,0.0086946,0.0080737,0.0090077,0.010044,0.20238,0.19762,0.19762,0.20238,0.0017675,2.3566,0.78734,1.1866,0.66336,1.2568,1.9198,1.3093,1.3964,1.5883,0.0015362,4.6938
0.023954,0.010368,0.078297,1527.6,1507.1,1609.2,0.0095943,0.010236,0.0070271,1507.2,1505.0,1506.7,1509.6,0.010051,0.009086,0.01014,0.011638,0.20238,0.19762,0.19762,0.20238,0.0056814,2.3566,0.79167,1.1869,0.66304,1.2567,1.9195,1.3096,1.3962,1.6466,0.0046622,4.6343
0.044994,0.010115,0.18451,1496.2,1443.0,1709.3,0.0093986,0.0099446,0.0072149,1443.4,1440.5,1442.1,1445.7,0.0098794,0.0086942,0.0097023,0.011467,0.20238,0.19762,0.19762,0.20238,0.0085654,2.3561,0.79552,1.1874,0.66254,1.2561,1.9194,1.3101,1.3957,1.7021,0.0075203,4.5784
0.079697,0.0085656,0.36422,1297.0,1197.0,1696.9,0.008108,0.0083686,0.0070655,1197.5,1195.0,1196.1,1199.2,0.0084058,0.0072106,0.0080437,0.0097797,0.20238,0.19762,0.19762,0.20238,0.0059331,2.3554,0.7927,1.1881,0.66234,1.2551,1.9197,1.3101,1.3949,1.8727,0.0057705,4.4085
