cp_tau_s,cp_b,cp_tau_0,cp_n,cp_gamma_0
29.018630805963266,13.607491950107434,113.53974964629786,4.6296886944153135,3.25e-05
372.7964915255089,2.1278714174939353,243.2227030729826,4.1242684770345175,3.25e-05
1991.8831573803109,10.610094445497701,480.70550674572723,14.073895355853514,3.25e-05
961.8521860932979,19.287868938800802,358.5961051875032,10.81119038574595,3.25e-05
1170.7995356389338,8.433921050806806,310.66631060810863,9.66065697369501,3.25e-05
1375.9127973154664,3.5075461289464056,82.82807961624262,17.680932384614042,3.25e-05
