cp_tau_s,cp_b,cp_tau_0,cp_n,cp_gamma_0
169.90909492214882,15.585820449638003,166.99112842223073,14.03926597473964,3.25e-05
1567.8266718102996,12.642070274719972,7.242102928209842,3.684613011186413,3.25e-05
1464.1721890828533,3.3595406050981236,406.45626253651415,9.919429984629145,3.25e-05
927.0900635320384,18.997076791718595,106.62675985142292,15.60640876970452,3.25e-05
303.5679404643355,1.417590194290534,279.004981391088,10.534174022650546,3.25e-05
1196.5146147839268,8.955181614557471,201.4727137363834,1.404660141515653,3.25e-05
1831.2080879343082,5.29411284820358,359.1513099299339,17.93985498821015,3.25e-05
682.1000755754967,11.648415226080724,441.32312185038046,8.057357210596209,3.25e-05
