cp_tau_s,cp_b,cp_tau_0,cp_n,cp_gamma_0
1414.1045351760147,19.755254183626587,63.563544020913284,18.351501471309067,3.25e-05
226.45621162082313,12.916827943512333,491.2261808223106,12.821619022395726,3.25e-05
653.5820246649167,2.931172640167608,178.29835774209724,7.161164207289206,3.25e-05
1950.8451234804522,5.766050114304708,326.19362283486663,2.6545320075484726,3.25e-05
