cp_lh_0,cp_lh_1,cp_tau_0,cp_n,cp_gamma_0
34.24150382591573,330.44340259132787,110.31149365053375,12.217286435540807,3.333e-05
166.3249900828611,188.28013337073818,8.154141617612087,14.70464212385866,3.333e-05
362.2887400736627,260.4796542948846,176.83041907758616,10.34683466604603,3.333e-05
306.63748858726336,62.96963783311076,127.3217501907034,1.3083938248497218,3.333e-05
214.26354585429283,121.4114993617097,50.34666782790486,12.831411626041737,3.333e-05
146.41564859578887,357.17084187241915,159.62975800497924,6.547429924300778,3.333e-05
71.71076287879923,220.21740029015882,28.108635011329575,4.178656364944777,3.333e-05
289.5103818653479,6.27066658484885,75.60532615624021,7.472739515646885,3.333e-05
