cp_tau_s,cp_b,cp_tau_0,cp_n,cp_gamma_0
397.377640323587,19.363214438026365,92.60633174868244,5.657859770530069,3.25e-05
1917.400291622112,7.382418555653677,68.21852248454671,7.504056916833233,3.25e-05
1158.5015451446234,1.1804842873720618,318.63194712282325,1.8539616510213288,3.25e-05
141.60688506474528,16.36674623450066,336.59398853275883,11.768354222483534,3.25e-05
1619.0416872630535,3.980347186442868,175.19902776857055,18.337488083829847,3.25e-05
806.5393036115076,11.981641644306276,499.9695051484174,15.461108982612792,3.25e-05
